,Sequences,PAM30,BLOSUM45,RRM_SN,RRM_Corr,jaro_winkler,needleman_wunsch,smith_waterman,levenshtein,NUM_Seq,EIIP_Seq,FNS_Seq,sseq_matches,sseq_match_score,num_matches,num_match_score
138,INNDCQNFIGNR,-66,-10,5.456637245362314,0.6861274111428914,0.4444444444444444,0.5416666666666666,0.08333333333333337,0.08333333333333337,122572201426,"[0.0, 0.0036, 0.0036, 0.1263, 0.0829, 0.0761, 0.0036, 0.0946, 0.0, 0.005, 0.0036, 0.0959]","['Hydrophobic', 'Polar', 'Polar', 'Charge (-)', 'Excluded', 'Polar', 'Polar', 'Aromatic', 'Hydrophobic', 'Glycine', 'Polar', 'Charge (+)']","[('I', 0)]",2,"[('1', 0), ('22', 5)]",5
1042,VPLRPEEDELID,-53,-3,5.42285296638213,0.646010711733165,0.5,0.5416666666666666,0.08333333333333337,0.08333333333333337,131635555115,"[0.0057, 0.0198, 0.0, 0.0959, 0.0198, 0.0058, 0.0058, 0.1263, 0.0058, 0.0, 0.0, 0.1263]","['Hydrophobic', 'Proline', 'Hydrophobic', 'Charge (+)', 'Proline', 'Charge (-)', 'Charge (-)', 'Charge (-)', 'Charge (-)', 'Hydrophobic', 'Hydrophobic', 'Charge (-)']","[('D', 7)]",2,"[('1', 0), ('1', 2), ('5', 7)]",6
769,LNSLDGAGFGFE,-40,-2,5.418317823898431,0.8864241581502166,0.4444444444444444,0.5,0.0,0.0,122154140405,"[0.0, 0.0036, 0.0829, 0.0, 0.1263, 0.005, 0.0373, 0.005, 0.0946, 0.005, 0.0946, 0.0058]","['Hydrophobic', 'Polar', 'Polar', 'Hydrophobic', 'Charge (-)', 'Glycine', 'Hydrophobic', 'Glycine', 'Aromatic', 'Glycine', 'Aromatic', 'Charge (-)']",[],0,"[('1', 0), ('5', 4), ('0', 8)]",6
7,RSFGCRFGTCTV,-66,-18,5.392187273593311,0.6378136240760031,0.2777777777777777,0.5,0.0,0.0,620476042721,"[0.0959, 0.0829, 0.0946, 0.005, 0.0829, 0.0959, 0.0946, 0.005, 0.0941, 0.0829, 0.0941, 0.0057]","['Charge (+)', 'Polar', 'Aromatic', 'Glycine', 'Excluded', 'Charge (+)', 'Aromatic', 'Glycine', 'Polar', 'Excluded', 'Polar', 'Hydrophobic']",[],0,"[('2', 10)]",2
1402,SSGGGDGSGMWF,-59,-14,5.275090890134275,0.7808089209884517,0.5555555555555555,0.5,0.0,0.0,224445424100,"[0.0829, 0.0829, 0.005, 0.005, 0.005, 0.1263, 0.005, 0.0829, 0.005, 0.0823, 0.0548, 0.0946]","['Polar', 'Polar', 'Glycine', 'Glycine', 'Glycine', 'Charge (-)', 'Glycine', 'Polar', 'Glycine', 'Hydrophobic', 'Aromatic', 'Aromatic']",[],0,"[('0', 11)]",2
239,APLQPGGSPALT,-60,-10,5.257007109348551,0.54827769254676,0.38888888888888884,0.5,0.0,0.0,131234423112,"[0.0373, 0.0198, 0.0, 0.0761, 0.0198, 0.005, 0.005, 0.0829, 0.0198, 0.0373, 0.0, 0.0941]","['Hydrophobic', 'Proline', 'Hydrophobic', 'Polar', 'Proline', 'Glycine', 'Glycine', 'Polar', 'Proline', 'Hydrophobic', 'Hydrophobic', 'Polar']",[],0,"[('1', 0), ('12', 2)]",5
661,FRNSEMMTARGF,-32,-1,5.242378173259585,0.9518014888032366,0.38888888888888884,0.5416666666666666,0.08333333333333337,0.08333333333333337,062251121640,"[0.0946, 0.0959, 0.0036, 0.0829, 0.0058, 0.0823, 0.0823, 0.0941, 0.0373, 0.0959, 0.005, 0.0946]","['Aromatic', 'Charge (+)', 'Polar', 'Polar', 'Charge (-)', 'Hydrophobic', 'Hydrophobic', 'Polar', 'Hydrophobic', 'Charge (+)', 'Glycine', 'Aromatic']","[('E', 4)]",2,"[('25', 3), ('0', 11)]",5
9,FGCRFGTCTVQK,-78,-16,5.237329720531013,0.6416623725402527,0.38888888888888884,0.5,0.0,0.0,047604272126,"[0.0946, 0.005, 0.0829, 0.0959, 0.0946, 0.005, 0.0941, 0.0829, 0.0941, 0.0057, 0.0761, 0.0371]","['Aromatic', 'Glycine', 'Excluded', 'Charge (+)', 'Aromatic', 'Glycine', 'Polar', 'Excluded', 'Polar', 'Hydrophobic', 'Polar', 'Charge (+)']",[],0,"[('2', 6), ('2', 10)]",4
1040,PSVPLRPEEDEL,-45,-7,5.187347194227394,0.6408867551456398,0.4722222222222221,0.5416666666666666,0.08333333333333337,0.08333333333333337,321316355551,"[0.0198, 0.0829, 0.0057, 0.0198, 0.0, 0.0959, 0.0198, 0.0058, 0.0058, 0.1263, 0.0058, 0.0]","['Proline', 'Polar', 'Hydrophobic', 'Proline', 'Hydrophobic', 'Charge (+)', 'Proline', 'Charge (-)', 'Charge (-)', 'Charge (-)', 'Charge (-)', 'Hydrophobic']","[('V', 2)]",2,"[('1', 2), ('5', 7)]",4
1071,YGGFIGVRKSAR,-64,-15,5.181555531304093,0.530307839348977,0.5,0.5416666666666666,0.08333333333333337,0.08333333333333337,044014166216,"[0.0516, 0.005, 0.005, 0.0946, 0.0, 0.005, 0.0057, 0.0959, 0.0371, 0.0829, 0.0373, 0.0959]","['Aromatic', 'Glycine', 'Glycine', 'Aromatic', 'Hydrophobic', 'Glycine', 'Hydrophobic', 'Charge (+)', 'Charge (+)', 'Polar', 'Hydrophobic', 'Charge (+)']","[('S', 9)]",2,"[('2', 9)]",2
773,LNSLDGQGFGFE,-45,-3,5.163195553855672,0.8645463959040907,0.4444444444444444,0.5,0.0,0.0,122154240405,"[0.0, 0.0036, 0.0829, 0.0, 0.1263, 0.005, 0.0761, 0.005, 0.0946, 0.005, 0.0946, 0.0058]","['Hydrophobic', 'Polar', 'Polar', 'Hydrophobic', 'Charge (-)', 'Glycine', 'Polar', 'Glycine', 'Aromatic', 'Glycine', 'Aromatic', 'Charge (-)']",[],0,"[('1', 0), ('5', 4), ('2', 6), ('0', 8)]",8
468,ALEDEHNDNFLR,-33,1,5.138081934029868,0.7021706081235803,0.4444444444444444,0.5833333333333334,0.16666666666666663,0.16666666666666663,115556252016,"[0.0373, 0.0, 0.0058, 0.1263, 0.0058, 0.0242, 0.0036, 0.1263, 0.0036, 0.0946, 0.0, 0.0959]","['Hydrophobic', 'Hydrophobic', 'Charge (-)', 'Charge (-)', 'Charge (-)', 'Charge (+)', 'Polar', 'Charge (-)', 'Polar', 'Aromatic', 'Hydrophobic', 'Charge (+)']","[('E', 4), ('D', 7)]",4,"[('11', 0), ('5', 4), ('25', 6)]",8
763,SSMYDRDIMSFG,-56,-8,5.134417183686637,0.6910687320435815,0.5555555555555555,0.5416666666666666,0.08333333333333337,0.08333333333333337,221056511204,"[0.0829, 0.0829, 0.0823, 0.0516, 0.1263, 0.0959, 0.1263, 0.0, 0.0823, 0.0829, 0.0946, 0.005]","['Polar', 'Polar', 'Hydrophobic', 'Aromatic', 'Charge (-)', 'Charge (+)', 'Charge (-)', 'Hydrophobic', 'Hydrophobic', 'Polar', 'Aromatic', 'Glycine']","[('S', 9)]",2,"[('1', 2), ('5', 4), ('2', 9)]",6
622,FSGLMSEGSSLE,-44,-6,5.107501561608252,0.6356711443863966,0.6111111111111112,0.5833333333333334,0.16666666666666663,0.16666666666666663,024112542215,"[0.0946, 0.0829, 0.005, 0.0, 0.0823, 0.0829, 0.0058, 0.005, 0.0829, 0.0829, 0.0, 0.0058]","['Aromatic', 'Polar', 'Glycine', 'Hydrophobic', 'Hydrophobic', 'Polar', 'Charge (-)', 'Glycine', 'Polar', 'Polar', 'Hydrophobic', 'Charge (-)']","[('S', 5), ('S', 9)]",4,"[('2', 5), ('2', 9)]",4
678,IFLPGSVILRAL,-30,-1,5.073675546565263,0.6382734198193645,0.38888888888888884,0.5833333333333334,0.16666666666666663,0.16666666666666663,101342111611,"[0.0, 0.0946, 0.0, 0.0198, 0.005, 0.0829, 0.0057, 0.0, 0.0, 0.0959, 0.0373, 0.0]","['Hydrophobic', 'Aromatic', 'Hydrophobic', 'Proline', 'Glycine', 'Polar', 'Hydrophobic', 'Hydrophobic', 'Hydrophobic', 'Charge (+)', 'Hydrophobic', 'Hydrophobic']","[('I', 0), ('S', 5)]",4,"[('1', 0), ('1', 2), ('2', 5)]",6
1491,IINDVKNELFPE,-37,-4,5.05134289254074,0.5078547656492435,0.4722222222222221,0.5416666666666666,0.08333333333333337,0.08333333333333337,112516251035,"[0.0, 0.0, 0.0036, 0.1263, 0.0057, 0.0371, 0.0036, 0.0058, 0.0, 0.0946, 0.0198, 0.0058]","['Hydrophobic', 'Hydrophobic', 'Polar', 'Charge (-)', 'Hydrophobic', 'Charge (+)', 'Polar', 'Charge (-)', 'Hydrophobic', 'Aromatic', 'Proline', 'Charge (-)']","[('I', 0)]",2,"[('11', 0), ('25', 6)]",6
59,SKQLRYHHCYFN,-70,-18,5.0496067742263175,0.9816243748200796,0.5,0.5,0.0,0.0,262160667002,"[0.0829, 0.0371, 0.0761, 0.0, 0.0959, 0.0516, 0.0242, 0.0242, 0.0829, 0.0516, 0.0946, 0.0036]","['Polar', 'Charge (+)', 'Polar', 'Hydrophobic', 'Charge (+)', 'Aromatic', 'Charge (+)', 'Charge (+)', 'Excluded', 'Aromatic', 'Aromatic', 'Polar']",[],0,[],0
482,ALADEHNDNFLR,-29,3,5.037306227373275,0.6246853028241028,0.2777777777777777,0.5833333333333334,0.16666666666666663,0.16666666666666663,111556252016,"[0.0373, 0.0, 0.0373, 0.1263, 0.0058, 0.0242, 0.0036, 0.1263, 0.0036, 0.0946, 0.0, 0.0959]","['Hydrophobic', 'Hydrophobic', 'Hydrophobic', 'Charge (-)', 'Charge (-)', 'Charge (+)', 'Polar', 'Charge (-)', 'Polar', 'Aromatic', 'Hydrophobic', 'Charge (+)']","[('E', 4), ('D', 7)]",4,"[('111', 0), ('5', 4), ('25', 6)]",9
1552,VPERAPLPPSVP,-64,-11,4.996745334320143,0.41994607714682936,0.5,0.5416666666666666,0.08333333333333337,0.08333333333333337,135613133213,"[0.0057, 0.0198, 0.0058, 0.0959, 0.0373, 0.0198, 0.0, 0.0198, 0.0198, 0.0829, 0.0057, 0.0198]","['Hydrophobic', 'Proline', 'Charge (-)', 'Charge (+)', 'Hydrophobic', 'Proline', 'Hydrophobic', 'Proline', 'Proline', 'Polar', 'Hydrophobic', 'Proline']","[('S', 9)]",2,"[('1', 0), ('2', 9)]",4
1599,IAGAEDVGLQPR,-32,-2,4.967500698711922,0.759369308652913,0.4722222222222221,0.5833333333333334,0.16666666666666663,0.16666666666666663,114155141236,"[0.0, 0.0373, 0.005, 0.0373, 0.0058, 0.1263, 0.0057, 0.005, 0.0, 0.0761, 0.0198, 0.0959]","['Hydrophobic', 'Hydrophobic', 'Glycine', 'Hydrophobic', 'Charge (-)', 'Charge (-)', 'Hydrophobic', 'Glycine', 'Hydrophobic', 'Polar', 'Proline', 'Charge (+)']","[('I', 0), ('E', 4)]",4,"[('11', 0), ('5', 4), ('2', 9)]",7
1601,GAEDVGLQPRLV,-76,-19,4.922893465099601,0.6068663319590272,0.38888888888888884,0.5,0.0,0.0,415514123611,"[0.005, 0.0373, 0.0058, 0.1263, 0.0057, 0.005, 0.0, 0.0761, 0.0198, 0.0959, 0.0, 0.0057]","['Glycine', 'Hydrophobic', 'Charge (-)', 'Charge (-)', 'Hydrophobic', 'Glycine', 'Hydrophobic', 'Polar', 'Proline', 'Charge (+)', 'Hydrophobic', 'Hydrophobic']",[],0,"[('1', 1)]",2
605,EADQDLSPSISI,-45,-6,4.915999773639266,0.9134461860190121,0.5444444444444444,0.5833333333333334,0.16666666666666663,0.16666666666666663,515251232121,"[0.0058, 0.0373, 0.1263, 0.0761, 0.1263, 0.0, 0.0829, 0.0198, 0.0829, 0.0, 0.0829, 0.0]","['Charge (-)', 'Hydrophobic', 'Charge (-)', 'Polar', 'Charge (-)', 'Hydrophobic', 'Polar', 'Proline', 'Polar', 'Hydrophobic', 'Polar', 'Hydrophobic']","[('S', 6), ('S', 10)]",4,"[('1', 1), ('25', 3)]",5
217,NSILGLPKVMND,-56,-12,4.907492227107784,0.5286713747011199,0.38888888888888884,0.5,0.0,0.0,221141361125,"[0.0036, 0.0829, 0.0, 0.0, 0.005, 0.0, 0.0198, 0.0371, 0.0057, 0.0823, 0.0036, 0.1263]","['Polar', 'Polar', 'Hydrophobic', 'Hydrophobic', 'Glycine', 'Hydrophobic', 'Proline', 'Charge (+)', 'Hydrophobic', 'Hydrophobic', 'Polar', 'Charge (-)']",[],0,"[('1', 2), ('2', 10)]",4
221,NSLLGIPKVMND,-59,-14,4.907492227107784,0.5286713747011199,0.38888888888888884,0.5,0.0,0.0,221141361125,"[0.0036, 0.0829, 0.0, 0.0, 0.005, 0.0, 0.0198, 0.0371, 0.0057, 0.0823, 0.0036, 0.1263]","['Polar', 'Polar', 'Hydrophobic', 'Hydrophobic', 'Glycine', 'Hydrophobic', 'Proline', 'Charge (+)', 'Hydrophobic', 'Hydrophobic', 'Polar', 'Charge (-)']",[],0,"[('1', 2), ('2', 10)]",4
1254,AGGTGANSAMWF,-35,-5,4.906821085294569,0.6701555756746588,0.4444444444444444,0.5416666666666666,0.08333333333333337,0.08333333333333337,144241221100,"[0.0373, 0.005, 0.005, 0.0941, 0.005, 0.0373, 0.0036, 0.0829, 0.0373, 0.0823, 0.0548, 0.0946]","['Hydrophobic', 'Glycine', 'Glycine', 'Polar', 'Glycine', 'Hydrophobic', 'Polar', 'Polar', 'Hydrophobic', 'Hydrophobic', 'Aromatic', 'Aromatic']","[('T', 3)]",2,"[('1', 0), ('2', 3), ('2', 6), ('0', 11)]",8
585,NSKYVSKQKFYS,-60,-14,4.9062047499830825,0.8488512410897772,0.5,0.5416666666666666,0.08333333333333337,0.08333333333333337,226012626002,"[0.0036, 0.0829, 0.0371, 0.0516, 0.0057, 0.0829, 0.0371, 0.0761, 0.0371, 0.0946, 0.0516, 0.0829]","['Polar', 'Polar', 'Charge (+)', 'Aromatic', 'Hydrophobic', 'Polar', 'Charge (+)', 'Polar', 'Charge (+)', 'Aromatic', 'Aromatic', 'Polar']","[('S', 5)]",2,"[('2', 5)]",2
106,NYWRQCAFNAVS,-71,-14,4.894206412062368,0.8402857830844481,0.38888888888888884,0.5,0.0,0.0,200627102112,"[0.0036, 0.0516, 0.0548, 0.0959, 0.0761, 0.0829, 0.0373, 0.0946, 0.0036, 0.0373, 0.0057, 0.0829]","['Polar', 'Aromatic', 'Aromatic', 'Charge (+)', 'Polar', 'Excluded', 'Hydrophobic', 'Aromatic', 'Polar', 'Hydrophobic', 'Hydrophobic', 'Polar']",[],0,[],0
761,PVDYDRPIMAFG,-64,-15,4.883786590809202,0.7949268888961111,0.5,0.5,0.0,0.0,315056311104,"[0.0198, 0.0057, 0.1263, 0.0516, 0.1263, 0.0959, 0.0198, 0.0, 0.0823, 0.0373, 0.0946, 0.005]","['Proline', 'Hydrophobic', 'Charge (-)', 'Aromatic', 'Charge (-)', 'Charge (+)', 'Proline', 'Hydrophobic', 'Hydrophobic', 'Hydrophobic', 'Aromatic', 'Glycine']",[],0,"[('1', 1), ('5', 4)]",4
1264,AGNSGANSGMWF,-51,-10,4.881135717565058,0.8016162339296788,0.4444444444444444,0.5,0.0,0.0,142241224100,"[0.0373, 0.005, 0.0036, 0.0829, 0.005, 0.0373, 0.0036, 0.0829, 0.005, 0.0823, 0.0548, 0.0946]","['Hydrophobic', 'Glycine', 'Polar', 'Polar', 'Glycine', 'Hydrophobic', 'Polar', 'Polar', 'Glycine', 'Hydrophobic', 'Aromatic', 'Aromatic']",[],0,"[('1', 0), ('2', 3), ('2', 6), ('0', 11)]",8
604,AGQDLSPSISIV,-48,-7,4.86196452381968,0.6222014056098711,0.4722222222222221,0.5833333333333334,0.16666666666666663,0.16666666666666663,142512321211,"[0.0373, 0.005, 0.0761, 0.1263, 0.0, 0.0829, 0.0198, 0.0829, 0.0, 0.0829, 0.0, 0.0057]","['Hydrophobic', 'Glycine', 'Polar', 'Charge (-)', 'Hydrophobic', 'Polar', 'Proline', 'Polar', 'Hydrophobic', 'Polar', 'Hydrophobic', 'Hydrophobic']","[('S', 5), ('S', 9)]",4,"[('1', 0), ('2', 5), ('2', 9)]",6
959,FDRISSSAFSDF,-12,9,4.835410960463124,0.5205558637114787,0.6111111111111112,0.625,0.25,0.25,056122210250,"[0.0946, 0.1263, 0.0959, 0.0, 0.0829, 0.0829, 0.0829, 0.0373, 0.0946, 0.0829, 0.1263, 0.0946]","['Aromatic', 'Charge (-)', 'Charge (+)', 'Hydrophobic', 'Polar', 'Polar', 'Polar', 'Hydrophobic', 'Aromatic', 'Polar', 'Charge (-)', 'Aromatic']","[('SS', 5)]",3,"[('22', 5), ('02', 8)]",6
1489,NSIINDVKNELF,-40,-6,4.826058924123264,0.816454476039691,0.47777777777777786,0.5,0.0,0.0,221125162510,"[0.0036, 0.0829, 0.0, 0.0, 0.0036, 0.1263, 0.0057, 0.0371, 0.0036, 0.0058, 0.0, 0.0946]","['Polar', 'Polar', 'Hydrophobic', 'Hydrophobic', 'Polar', 'Charge (-)', 'Hydrophobic', 'Charge (+)', 'Polar', 'Charge (-)', 'Hydrophobic', 'Aromatic']",[],0,"[('1', 2), ('0', 11)]",4
40,IRYRQCYFNPIS,-53,-10,4.815751169745392,0.8920659492784466,0.38888888888888884,0.5416666666666666,0.08333333333333337,0.08333333333333337,160627002312,"[0.0, 0.0959, 0.0516, 0.0959, 0.0761, 0.0829, 0.0516, 0.0946, 0.0036, 0.0198, 0.0, 0.0829]","['Hydrophobic', 'Charge (+)', 'Aromatic', 'Charge (+)', 'Polar', 'Excluded', 'Aromatic', 'Aromatic', 'Polar', 'Proline', 'Hydrophobic', 'Polar']","[('I', 0)]",2,"[('1', 0)]",2
724,FGSFSPYYFYQQ,-71,-13,4.8097018442301085,0.7065561384989678,0.5555555555555555,0.5,0.08333333333333337,0.08333333333333337,042023000022,"[0.0946, 0.005, 0.0829, 0.0946, 0.0829, 0.0198, 0.0516, 0.0516, 0.0946, 0.0516, 0.0761, 0.0761]","['Aromatic', 'Glycine', 'Polar', 'Aromatic', 'Polar', 'Proline', 'Aromatic', 'Aromatic', 'Aromatic', 'Aromatic', 'Polar', 'Polar']",[],0,"[('0', 8), ('2', 10)]",4
31,VRYRQCYFNPIS,-59,-11,4.786059049230378,0.8898963677010951,0.38888888888888884,0.5,0.0,0.0,160627002312,"[0.0057, 0.0959, 0.0516, 0.0959, 0.0761, 0.0829, 0.0516, 0.0946, 0.0036, 0.0198, 0.0, 0.0829]","['Hydrophobic', 'Charge (+)', 'Aromatic', 'Charge (+)', 'Polar', 'Excluded', 'Aromatic', 'Aromatic', 'Polar', 'Proline', 'Hydrophobic', 'Polar']",[],0,"[('1', 0)]",2
1600,AGAEDVGLQPRL,-63,-13,4.778862856507418,0.8201592659826494,0.38888888888888884,0.5,0.0,0.0,141551412361,"[0.0373, 0.005, 0.0373, 0.0058, 0.1263, 0.0057, 0.005, 0.0, 0.0761, 0.0198, 0.0959, 0.0]","['Hydrophobic', 'Glycine', 'Hydrophobic', 'Charge (-)', 'Charge (-)', 'Hydrophobic', 'Glycine', 'Hydrophobic', 'Polar', 'Proline', 'Charge (+)', 'Hydrophobic']",[],0,"[('1', 0), ('1', 2), ('5', 4)]",6
586,SKYVSKQKFYSW,-40,2,4.760219073827424,0.8037503567257285,0.5444444444444444,0.5416666666666666,0.16666666666666663,0.16666666666666663,260126260020,"[0.0829, 0.0371, 0.0516, 0.0057, 0.0829, 0.0371, 0.0761, 0.0371, 0.0946, 0.0516, 0.0829, 0.0548]","['Polar', 'Charge (+)', 'Aromatic', 'Hydrophobic', 'Polar', 'Charge (+)', 'Polar', 'Charge (+)', 'Aromatic', 'Aromatic', 'Polar', 'Aromatic']","[('S', 10)]",2,"[('2', 6), ('0', 8), ('20', 10)]",7
768,ALNSLDGAGFGF,-50,-8,4.740056518996682,0.788555182338266,0.4444444444444444,0.5,0.0,0.0,112215414040,"[0.0373, 0.0, 0.0036, 0.0829, 0.0, 0.1263, 0.005, 0.0373, 0.005, 0.0946, 0.005, 0.0946]","['Hydrophobic', 'Hydrophobic', 'Polar', 'Polar', 'Hydrophobic', 'Charge (-)', 'Glycine', 'Hydrophobic', 'Glycine', 'Aromatic', 'Glycine', 'Aromatic']",[],0,"[('11', 0), ('2', 3), ('0', 11)]",7
1312,GANSNEAKGMWF,-56,-11,4.73277395984305,0.6719283412233257,0.2777777777777777,0.5,0.0,0.0,412225164100,"[0.005, 0.0373, 0.0036, 0.0829, 0.0036, 0.0058, 0.0373, 0.0371, 0.005, 0.0823, 0.0548, 0.0946]","['Glycine', 'Hydrophobic', 'Polar', 'Polar', 'Polar', 'Charge (-)', 'Hydrophobic', 'Charge (+)', 'Glycine', 'Hydrophobic', 'Aromatic', 'Aromatic']",[],0,"[('1', 1), ('2', 3), ('0', 11)]",6
1480,GPPDPNKFIGLM,-81,-16,4.726586282472694,0.6397276613464548,0.38888888888888884,0.5,0.0,0.0,433532601411,"[0.005, 0.0198, 0.0198, 0.1263, 0.0198, 0.0036, 0.0371, 0.0946, 0.0, 0.005, 0.0, 0.0823]","['Glycine', 'Proline', 'Proline', 'Charge (-)', 'Proline', 'Polar', 'Charge (+)', 'Aromatic', 'Hydrophobic', 'Glycine', 'Hydrophobic', 'Hydrophobic']",[],0,"[('2', 5)]",2
1073,GFIGVRKSARKW,-56,-7,4.721605154022929,0.8936667243366426,0.5,0.5,0.08333333333333337,0.08333333333333337,401416621660,"[0.005, 0.0946, 0.0, 0.005, 0.0057, 0.0959, 0.0371, 0.0829, 0.0373, 0.0959, 0.0371, 0.0548]","['Glycine', 'Aromatic', 'Hydrophobic', 'Glycine', 'Hydrophobic', 'Charge (+)', 'Charge (+)', 'Polar', 'Hydrophobic', 'Charge (+)', 'Charge (+)', 'Aromatic']",[],0,"[('1', 2), ('0', 11)]",4
772,ALNSLDGQGFGF,-49,-6,4.7209613544200195,0.8858139242299444,0.4444444444444444,0.5,0.0,0.0,112215424040,"[0.0373, 0.0, 0.0036, 0.0829, 0.0, 0.1263, 0.005, 0.0761, 0.005, 0.0946, 0.005, 0.0946]","['Hydrophobic', 'Hydrophobic', 'Polar', 'Polar', 'Hydrophobic', 'Charge (-)', 'Glycine', 'Polar', 'Glycine', 'Aromatic', 'Glycine', 'Aromatic']",[],0,"[('11', 0), ('2', 3), ('0', 11)]",7
94,SGRSSGSRFNFG,-51,-6,4.716422183754898,0.6714388603328304,0.5555555555555555,0.5416666666666666,0.08333333333333337,0.08333333333333337,246224260204,"[0.0829, 0.005, 0.0959, 0.0829, 0.0829, 0.005, 0.0829, 0.0959, 0.0946, 0.0036, 0.0946, 0.005]","['Polar', 'Glycine', 'Charge (+)', 'Polar', 'Polar', 'Glycine', 'Polar', 'Charge (+)', 'Aromatic', 'Polar', 'Aromatic', 'Glycine']","[('S', 6)]",2,"[('2', 3), ('2', 6), ('02', 8)]",7
62,LRYHHCYFNPIS,-69,-15,4.706091521551139,0.8070158547386074,0.2777777777777777,0.5,0.0,0.0,160667002312,"[0.0, 0.0959, 0.0516, 0.0242, 0.0242, 0.0829, 0.0516, 0.0946, 0.0036, 0.0198, 0.0, 0.0829]","['Hydrophobic', 'Charge (+)', 'Aromatic', 'Charge (+)', 'Charge (+)', 'Excluded', 'Aromatic', 'Aromatic', 'Polar', 'Proline', 'Hydrophobic', 'Polar']",[],0,"[('1', 0)]",2
624,NWTPQAMLYLKG,-57,-5,4.695114985763265,0.7861503116498371,0.38888888888888884,0.5416666666666666,0.08333333333333337,0.08333333333333337,202321110164,"[0.0036, 0.0548, 0.0941, 0.0198, 0.0761, 0.0373, 0.0823, 0.0, 0.0516, 0.0, 0.0371, 0.005]","['Polar', 'Aromatic', 'Polar', 'Proline', 'Polar', 'Hydrophobic', 'Hydrophobic', 'Hydrophobic', 'Aromatic', 'Hydrophobic', 'Charge (+)', 'Glycine']","[('Y', 8)]",2,"[('0', 8)]",2
770,ALNSLDGNGFGF,-45,-5,4.694718525611753,0.6600163154931022,0.4444444444444444,0.5,0.0,0.0,112215424040,"[0.0373, 0.0, 0.0036, 0.0829, 0.0, 0.1263, 0.005, 0.0036, 0.005, 0.0946, 0.005, 0.0946]","['Hydrophobic', 'Hydrophobic', 'Polar', 'Polar', 'Hydrophobic', 'Charge (-)', 'Glycine', 'Polar', 'Glycine', 'Aromatic', 'Glycine', 'Aromatic']",[],0,"[('11', 0), ('2', 3), ('0', 11)]",7
489,PEDDRGDNFVRL,-55,-9,4.6841289551485055,0.8532257405241808,0.4444444444444444,0.5,0.0,0.0,355564520161,"[0.0198, 0.0058, 0.1263, 0.1263, 0.0959, 0.005, 0.1263, 0.0036, 0.0946, 0.0057, 0.0959, 0.0]","['Proline', 'Charge (-)', 'Charge (-)', 'Charge (-)', 'Charge (+)', 'Glycine', 'Charge (-)', 'Polar', 'Aromatic', 'Hydrophobic', 'Charge (+)', 'Hydrophobic']",[],0,"[('0', 8)]",2
241,LQPGGSPALTKI,-37,-4,4.675630005593101,0.6757403021659751,0.38888888888888884,0.5416666666666666,0.08333333333333337,0.08333333333333337,123442311261,"[0.0, 0.0761, 0.0198, 0.005, 0.005, 0.0829, 0.0198, 0.0373, 0.0, 0.0941, 0.0371, 0.0]","['Hydrophobic', 'Polar', 'Proline', 'Glycine', 'Glycine', 'Polar', 'Proline', 'Hydrophobic', 'Hydrophobic', 'Polar', 'Charge (+)', 'Hydrophobic']","[('S', 5)]",2,"[('1', 0), ('2', 5), ('2', 9)]",6
1557,PPPRAAPAPTHV,-61,-15,4.674113276244568,0.5147424315474689,0.0,0.5,0.0,0.0,333611313261,"[0.0198, 0.0198, 0.0198, 0.0959, 0.0373, 0.0373, 0.0198, 0.0373, 0.0198, 0.0941, 0.0242, 0.0057]","['Proline', 'Proline', 'Proline', 'Charge (+)', 'Hydrophobic', 'Hydrophobic', 'Proline', 'Hydrophobic', 'Proline', 'Polar', 'Charge (+)', 'Hydrophobic']",[],0,"[('2', 9)]",2
992,IDLSRFYGHFNT,-45,-3,4.6422190642678745,0.7902566155993371,0.5,0.5416666666666666,0.08333333333333337,0.08333333333333337,151260046022,"[0.0, 0.1263, 0.0, 0.0829, 0.0959, 0.0946, 0.0516, 0.005, 0.0242, 0.0946, 0.0036, 0.0941]","['Hydrophobic', 'Charge (-)', 'Hydrophobic', 'Polar', 'Charge (+)', 'Aromatic', 'Aromatic', 'Glycine', 'Charge (+)', 'Aromatic', 'Polar', 'Polar']","[('I', 0)]",2,"[('1', 0), ('12', 2)]",5
90,QVRYRQCYFNPI,-57,-9,4.627510735047482,0.5720417696670277,0.5,0.5,0.08333333333333337,0.08333333333333337,216062700231,"[0.0761, 0.0057, 0.0959, 0.0516, 0.0959, 0.0761, 0.0829, 0.0516, 0.0946, 0.0036, 0.0198, 0.0]","['Polar', 'Hydrophobic', 'Charge (+)', 'Aromatic', 'Charge (+)', 'Polar', 'Excluded', 'Aromatic', 'Aromatic', 'Polar', 'Proline', 'Hydrophobic']",[],0,"[('1', 1), ('2', 5), ('02', 8)]",7
24,IRYHQCYFNPIS,-54,-11,4.62040615743923,0.6542904348274297,0.38888888888888884,0.5416666666666666,0.08333333333333337,0.08333333333333337,160627002312,"[0.0, 0.0959, 0.0516, 0.0242, 0.0761, 0.0829, 0.0516, 0.0946, 0.0036, 0.0198, 0.0, 0.0829]","['Hydrophobic', 'Charge (+)', 'Aromatic', 'Charge (+)', 'Polar', 'Excluded', 'Aromatic', 'Aromatic', 'Polar', 'Proline', 'Hydrophobic', 'Polar']","[('I', 0)]",2,"[('1', 0)]",2
41,VYEDKRLPNRYN,-61,-11,4.614705038327404,0.7242580449185696,0.5555555555555555,0.5,0.08333333333333337,0.08333333333333337,105566132602,"[0.0057, 0.0516, 0.0058, 0.1263, 0.0371, 0.0959, 0.0, 0.0198, 0.0036, 0.0959, 0.0516, 0.0036]","['Hydrophobic', 'Aromatic', 'Charge (-)', 'Charge (-)', 'Charge (+)', 'Charge (+)', 'Hydrophobic', 'Proline', 'Polar', 'Charge (+)', 'Aromatic', 'Polar']",[],0,"[('1', 0)]",2
856,GDVNTDRPGMLD,-76,-15,4.603062621832017,0.5509073012125276,0.5,0.5416666666666666,0.08333333333333337,0.08333333333333337,451225634115,"[0.005, 0.1263, 0.0057, 0.0036, 0.0941, 0.1263, 0.0959, 0.0198, 0.005, 0.0823, 0.0, 0.1263]","['Glycine', 'Charge (-)', 'Hydrophobic', 'Polar', 'Polar', 'Charge (-)', 'Charge (+)', 'Proline', 'Glycine', 'Hydrophobic', 'Hydrophobic', 'Charge (-)']","[('V', 2)]",2,"[('12', 2)]",3
204,SEDLSAPEDRSL,-48,-7,4.593143190569094,0.8692570886246992,0.47777777777777786,0.5416666666666666,0.08333333333333337,0.08333333333333337,255121355621,"[0.0829, 0.0058, 0.1263, 0.0, 0.0829, 0.0373, 0.0198, 0.0058, 0.1263, 0.0959, 0.0829, 0.0]","['Polar', 'Charge (-)', 'Charge (-)', 'Hydrophobic', 'Polar', 'Hydrophobic', 'Proline', 'Charge (-)', 'Charge (-)', 'Charge (+)', 'Polar', 'Hydrophobic']","[('S', 10)]",2,"[('5', 7), ('2', 10)]",4
39,QIRYRQCYFNPI,-57,-9,4.590681263032831,0.5637338315160185,0.5,0.5,0.0,0.0,216062700231,"[0.0761, 0.0, 0.0959, 0.0516, 0.0959, 0.0761, 0.0829, 0.0516, 0.0946, 0.0036, 0.0198, 0.0]","['Polar', 'Hydrophobic', 'Charge (+)', 'Aromatic', 'Charge (+)', 'Polar', 'Excluded', 'Aromatic', 'Aromatic', 'Polar', 'Proline', 'Hydrophobic']",[],0,"[('1', 1), ('2', 5), ('02', 8)]",7
983,NTPGHAVSYHVY,-28,2,4.5796473409613565,0.82320812690392,0.5444444444444444,0.5833333333333334,0.16666666666666663,0.16666666666666663,223461120610,"[0.0036, 0.0941, 0.0198, 0.005, 0.0242, 0.0373, 0.0057, 0.0829, 0.0516, 0.0242, 0.0057, 0.0516]","['Polar', 'Polar', 'Proline', 'Glycine', 'Charge (+)', 'Hydrophobic', 'Hydrophobic', 'Polar', 'Aromatic', 'Charge (+)', 'Hydrophobic', 'Aromatic']","[('Y', 8), ('Y', 11)]",4,"[('0', 8), ('0', 11)]",4
638,GAIIPLVSGLLS,-76,-17,4.575353592784336,0.5238607906667239,0.5555555555555555,0.5,0.08333333333333337,0.08333333333333337,411131124112,"[0.005, 0.0373, 0.0, 0.0, 0.0198, 0.0, 0.0057, 0.0829, 0.005, 0.0, 0.0, 0.0829]","['Glycine', 'Hydrophobic', 'Hydrophobic', 'Hydrophobic', 'Proline', 'Hydrophobic', 'Hydrophobic', 'Polar', 'Glycine', 'Hydrophobic', 'Hydrophobic', 'Polar']",[],0,"[('11', 1)]",3
100,QVRFRQCYFNPI,-60,-9,4.569501110506788,0.49010297668974984,0.4444444444444444,0.5,0.08333333333333337,0.08333333333333337,216062700231,"[0.0761, 0.0057, 0.0959, 0.0946, 0.0959, 0.0761, 0.0829, 0.0516, 0.0946, 0.0036, 0.0198, 0.0]","['Polar', 'Hydrophobic', 'Charge (+)', 'Aromatic', 'Charge (+)', 'Polar', 'Excluded', 'Aromatic', 'Aromatic', 'Polar', 'Proline', 'Hydrophobic']",[],0,"[('1', 1), ('2', 5), ('02', 8)]",7
500,GGGEGEQFDDYG,-94,-24,4.55067838631675,0.30833356260353234,0.5,0.5,0.08333333333333337,0.08333333333333337,444545205504,"[0.005, 0.005, 0.005, 0.0058, 0.005, 0.0058, 0.0761, 0.0946, 0.1263, 0.1263, 0.0516, 0.005]","['Glycine', 'Glycine', 'Glycine', 'Charge (-)', 'Glycine', 'Charge (-)', 'Polar', 'Aromatic', 'Charge (-)', 'Charge (-)', 'Aromatic', 'Glycine']",[],0,"[('2', 6)]",2
1522,KPPSSSEFVGLM,-65,-9,4.548781451160747,0.649169593521016,0.4722222222222221,0.5416666666666666,0.08333333333333337,0.08333333333333337,633222501411,"[0.0371, 0.0198, 0.0198, 0.0829, 0.0829, 0.0829, 0.0058, 0.0946, 0.0057, 0.005, 0.0, 0.0823]","['Charge (+)', 'Proline', 'Proline', 'Polar', 'Polar', 'Polar', 'Charge (-)', 'Aromatic', 'Hydrophobic', 'Glycine', 'Hydrophobic', 'Hydrophobic']","[('S', 5)]",2,"[('2', 3), ('2', 5)]",4
1521,KPPSSSEFIGLM,-64,-9,4.547491689792931,0.6643716252138425,0.4722222222222221,0.5416666666666666,0.08333333333333337,0.08333333333333337,633222501411,"[0.0371, 0.0198, 0.0198, 0.0829, 0.0829, 0.0829, 0.0058, 0.0946, 0.0, 0.005, 0.0, 0.0823]","['Charge (+)', 'Proline', 'Proline', 'Polar', 'Polar', 'Polar', 'Charge (-)', 'Aromatic', 'Hydrophobic', 'Glycine', 'Hydrophobic', 'Hydrophobic']","[('S', 5)]",2,"[('2', 3), ('2', 5)]",4
847,YKIFEPLRESNL,-36,1,4.530020855278064,0.740469002664136,0.5,0.5833333333333334,0.16666666666666663,0.16666666666666663,061053165221,"[0.0516, 0.0371, 0.0, 0.0946, 0.0058, 0.0198, 0.0, 0.0959, 0.0058, 0.0829, 0.0036, 0.0]","['Aromatic', 'Charge (+)', 'Hydrophobic', 'Aromatic', 'Charge (-)', 'Proline', 'Hydrophobic', 'Charge (+)', 'Charge (-)', 'Polar', 'Polar', 'Hydrophobic']","[('E', 4), ('S', 9)]",4,"[('1', 2), ('5', 4), ('22', 9)]",7
744,GGGRAFNHNANL,-53,-15,4.527682766529514,0.8001090140102357,0.0,0.5,0.0,0.0,444610262121,"[0.005, 0.005, 0.005, 0.0959, 0.0373, 0.0946, 0.0036, 0.0242, 0.0036, 0.0373, 0.0036, 0.0]","['Glycine', 'Glycine', 'Glycine', 'Charge (+)', 'Hydrophobic', 'Aromatic', 'Polar', 'Charge (+)', 'Polar', 'Hydrophobic', 'Polar', 'Hydrophobic']",[],0,"[('2', 6), ('2', 10)]",4
658,SVYGTHGMSGFA,-69,-15,4.520252548496749,0.5759469302901333,0.4722222222222221,0.5,0.08333333333333337,0.08333333333333337,210426412401,"[0.0829, 0.0057, 0.0516, 0.005, 0.0941, 0.0242, 0.005, 0.0823, 0.0829, 0.005, 0.0946, 0.0373]","['Polar', 'Hydrophobic', 'Aromatic', 'Glycine', 'Polar', 'Charge (+)', 'Glycine', 'Hydrophobic', 'Polar', 'Glycine', 'Aromatic', 'Hydrophobic']",[],0,"[('1', 1)]",2
953,YDRISSSAFSDF,-16,8,4.511517005578552,0.36615172542450053,0.6111111111111112,0.625,0.25,0.25,056122210250,"[0.0516, 0.1263, 0.0959, 0.0, 0.0829, 0.0829, 0.0829, 0.0373, 0.0946, 0.0829, 0.1263, 0.0946]","['Aromatic', 'Charge (-)', 'Charge (+)', 'Hydrophobic', 'Polar', 'Polar', 'Polar', 'Hydrophobic', 'Aromatic', 'Polar', 'Charge (-)', 'Aromatic']","[('SS', 5)]",3,"[('22', 5), ('02', 8)]",6
1158,PQILKSQSLIPF,-38,3,4.504190991709246,0.5968633311592961,0.5,0.5416666666666666,0.08333333333333337,0.08333333333333337,321162221130,"[0.0198, 0.0761, 0.0, 0.0, 0.0371, 0.0829, 0.0761, 0.0829, 0.0, 0.0, 0.0198, 0.0946]","['Proline', 'Polar', 'Hydrophobic', 'Hydrophobic', 'Charge (+)', 'Polar', 'Polar', 'Polar', 'Hydrophobic', 'Hydrophobic', 'Proline', 'Aromatic']","[('S', 5)]",2,"[('1', 2), ('22', 5), ('0', 11)]",7
61,QLRYHHCYFNPI,-52,-9,4.504148394915922,0.6372316944194155,0.4444444444444444,0.5,0.0,0.0,216066700231,"[0.0761, 0.0, 0.0959, 0.0516, 0.0242, 0.0242, 0.0829, 0.0516, 0.0946, 0.0036, 0.0198, 0.0]","['Polar', 'Hydrophobic', 'Charge (+)', 'Aromatic', 'Charge (+)', 'Charge (+)', 'Excluded', 'Aromatic', 'Aromatic', 'Polar', 'Proline', 'Hydrophobic']",[],0,"[('1', 1), ('02', 8)]",5
719,RIDGSAFGPHRH,-58,-12,4.502916088603999,0.8725871012299049,0.38888888888888884,0.5,0.0,0.0,615421043666,"[0.0959, 0.0, 0.1263, 0.005, 0.0829, 0.0373, 0.0946, 0.005, 0.0198, 0.0242, 0.0959, 0.0242]","['Charge (+)', 'Hydrophobic', 'Charge (-)', 'Glycine', 'Polar', 'Hydrophobic', 'Aromatic', 'Glycine', 'Proline', 'Charge (+)', 'Charge (+)', 'Charge (+)']",[],0,"[('1', 1)]",2
478,LDDERNDNFVRL,-51,-4,4.501934471782376,0.7908433372954402,0.2777777777777777,0.5,0.08333333333333337,0.08333333333333337,155562520161,"[0.0, 0.1263, 0.1263, 0.0058, 0.0959, 0.0036, 0.1263, 0.0036, 0.0946, 0.0057, 0.0959, 0.0]","['Hydrophobic', 'Charge (-)', 'Charge (-)', 'Charge (-)', 'Charge (+)', 'Polar', 'Charge (-)', 'Polar', 'Aromatic', 'Hydrophobic', 'Charge (+)', 'Hydrophobic']",[],0,"[('1', 0), ('2', 5), ('0', 8)]",6
1455,SASGSGESSGMW,-57,-8,4.501669905151632,0.7251937233397082,0.5444444444444444,0.5,0.08333333333333337,0.08333333333333337,212424522410,"[0.0829, 0.0373, 0.0829, 0.005, 0.0829, 0.005, 0.0058, 0.0829, 0.0829, 0.005, 0.0823, 0.0548]","['Polar', 'Hydrophobic', 'Polar', 'Glycine', 'Polar', 'Glycine', 'Charge (-)', 'Polar', 'Polar', 'Glycine', 'Hydrophobic', 'Aromatic']",[],0,"[('1', 1), ('0', 11)]",4
1416,NSGGGEGSGMWF,-57,-15,4.495733845424104,0.6053634749009531,0.38888888888888884,0.5,0.08333333333333337,0.08333333333333337,224445424100,"[0.0036, 0.0829, 0.005, 0.005, 0.005, 0.0058, 0.005, 0.0829, 0.005, 0.0823, 0.0548, 0.0946]","['Polar', 'Polar', 'Glycine', 'Glycine', 'Glycine', 'Charge (-)', 'Glycine', 'Polar', 'Glycine', 'Hydrophobic', 'Aromatic', 'Aromatic']",[],0,"[('0', 11)]",2
672,GNNRPVYIPQPR,-89,-24,4.49150640839329,0.3120454014114745,0.4444444444444444,0.5,0.0,0.0,422631013236,"[0.005, 0.0036, 0.0036, 0.0959, 0.0198, 0.0057, 0.0516, 0.0, 0.0198, 0.0761, 0.0198, 0.0959]","['Glycine', 'Polar', 'Polar', 'Charge (+)', 'Proline', 'Hydrophobic', 'Aromatic', 'Hydrophobic', 'Proline', 'Polar', 'Proline', 'Charge (+)']",[],0,"[('2', 9)]",2
457,LDDERNDNFIRL,-52,-4,4.480672215411911,0.7977311247325201,0.2777777777777777,0.5,0.08333333333333337,0.08333333333333337,155562520161,"[0.0, 0.1263, 0.1263, 0.0058, 0.0959, 0.0036, 0.1263, 0.0036, 0.0946, 0.0, 0.0959, 0.0]","['Hydrophobic', 'Charge (-)', 'Charge (-)', 'Charge (-)', 'Charge (+)', 'Polar', 'Charge (-)', 'Polar', 'Aromatic', 'Hydrophobic', 'Charge (+)', 'Hydrophobic']",[],0,"[('1', 0), ('2', 5), ('0', 8)]",6
1266,NSGANSGMWFGP,-51,-9,4.477412254030414,0.9332887863443218,0.4444444444444444,0.5416666666666666,0.08333333333333337,0.08333333333333337,224122410043,"[0.0036, 0.0829, 0.005, 0.0373, 0.0036, 0.0829, 0.005, 0.0823, 0.0548, 0.0946, 0.005, 0.0198]","['Polar', 'Polar', 'Glycine', 'Hydrophobic', 'Polar', 'Polar', 'Glycine', 'Hydrophobic', 'Aromatic', 'Aromatic', 'Glycine', 'Proline']","[('S', 5)]",2,"[('2', 5), ('0', 8)]",4
1460,EDYDERPYMQPF,-52,-7,4.465593182934713,0.6727058922283207,0.5,0.5416666666666666,0.08333333333333337,0.08333333333333337,550556301230,"[0.0058, 0.1263, 0.0516, 0.1263, 0.0058, 0.0959, 0.0198, 0.0516, 0.0823, 0.0761, 0.0198, 0.0946]","['Charge (-)', 'Charge (-)', 'Aromatic', 'Charge (-)', 'Charge (-)', 'Charge (+)', 'Proline', 'Aromatic', 'Hydrophobic', 'Polar', 'Proline', 'Aromatic']","[('E', 4)]",2,"[('5', 4), ('2', 9), ('0', 11)]",6
1161,LKSQSLIPFPRV,-51,-7,4.433668310884965,0.5400029605131931,0.4444444444444444,0.5,0.0,0.0,162221130361,"[0.0, 0.0371, 0.0829, 0.0761, 0.0829, 0.0, 0.0, 0.0198, 0.0946, 0.0198, 0.0959, 0.0057]","['Hydrophobic', 'Charge (+)', 'Polar', 'Polar', 'Polar', 'Hydrophobic', 'Hydrophobic', 'Proline', 'Aromatic', 'Proline', 'Charge (+)', 'Hydrophobic']",[],0,"[('1', 0), ('2', 3), ('0', 8)]",6
205,EDLSAPEDRSLS,-37,-2,4.433547998332779,0.7163361140768796,0.5444444444444444,0.5833333333333334,0.16666666666666663,0.16666666666666663,551213556212,"[0.0058, 0.1263, 0.0, 0.0829, 0.0373, 0.0198, 0.0058, 0.1263, 0.0959, 0.0829, 0.0, 0.0829]","['Charge (-)', 'Charge (-)', 'Hydrophobic', 'Polar', 'Hydrophobic', 'Proline', 'Charge (-)', 'Charge (-)', 'Charge (+)', 'Polar', 'Hydrophobic', 'Polar']","[('D', 7), ('S', 9)]",4,"[('12', 2), ('5', 7)]",5
697,ASLARTGDLPIR,-42,0,4.432864612603124,0.7035062128577478,0.38888888888888884,0.5416666666666666,0.08333333333333337,0.08333333333333337,121162451316,"[0.0373, 0.0829, 0.0, 0.0373, 0.0959, 0.0941, 0.005, 0.1263, 0.0, 0.0198, 0.0, 0.0959]","['Hydrophobic', 'Polar', 'Hydrophobic', 'Hydrophobic', 'Charge (+)', 'Polar', 'Glycine', 'Charge (-)', 'Hydrophobic', 'Proline', 'Hydrophobic', 'Charge (+)']","[('D', 7)]",2,"[('1', 0), ('1', 2), ('2', 5), ('5', 7)]",8
93,NSGRSSGSRFNF,-39,-4,4.43121499424892,0.7111996025522959,0.5555555555555555,0.5416666666666666,0.08333333333333337,0.08333333333333337,224622426020,"[0.0036, 0.0829, 0.005, 0.0959, 0.0829, 0.0829, 0.005, 0.0829, 0.0959, 0.0946, 0.0036, 0.0946]","['Polar', 'Polar', 'Glycine', 'Charge (+)', 'Polar', 'Polar', 'Glycine', 'Polar', 'Charge (+)', 'Aromatic', 'Polar', 'Aromatic']","[('S', 5)]",2,"[('2', 5), ('20', 10)]",5
535,PWLEEEEAAYGW,-54,-3,4.430005818256353,0.7125584826064258,0.4444444444444444,0.5416666666666666,0.08333333333333337,0.08333333333333337,301555511040,"[0.0198, 0.0548, 0.0, 0.0058, 0.0058, 0.0058, 0.0058, 0.0373, 0.0373, 0.0516, 0.005, 0.0548]","['Proline', 'Aromatic', 'Hydrophobic', 'Charge (-)', 'Charge (-)', 'Charge (-)', 'Charge (-)', 'Hydrophobic', 'Hydrophobic', 'Aromatic', 'Glycine', 'Aromatic']","[('E', 4)]",2,"[('1', 2), ('5', 4), ('0', 11)]",6
760,SPVDYDRPIMAF,-45,-3,4.42968168122213,0.6664369693596726,0.4722222222222221,0.5416666666666666,0.08333333333333337,0.08333333333333337,231505631110,"[0.0829, 0.0198, 0.0057, 0.1263, 0.0516, 0.1263, 0.0959, 0.0198, 0.0, 0.0823, 0.0373, 0.0946]","['Polar', 'Proline', 'Hydrophobic', 'Charge (-)', 'Aromatic', 'Charge (-)', 'Charge (+)', 'Proline', 'Hydrophobic', 'Hydrophobic', 'Hydrophobic', 'Aromatic']","[('V', 2)]",2,"[('1', 2), ('0', 11)]",4
540,PWVEEEEAAYGW,-45,0,4.428150044912735,0.6511449233360812,0.5,0.5833333333333334,0.16666666666666663,0.16666666666666663,301555511040,"[0.0198, 0.0548, 0.0057, 0.0058, 0.0058, 0.0058, 0.0058, 0.0373, 0.0373, 0.0516, 0.005, 0.0548]","['Proline', 'Aromatic', 'Hydrophobic', 'Charge (-)', 'Charge (-)', 'Charge (-)', 'Charge (-)', 'Hydrophobic', 'Hydrophobic', 'Aromatic', 'Glycine', 'Aromatic']","[('V', 2), ('E', 4)]",4,"[('1', 2), ('5', 4), ('0', 11)]",6
625,WTPQAMLYLKGT,-74,-17,4.4009887742686455,0.7516674661680341,0.38888888888888884,0.5,0.0,0.0,023211101642,"[0.0548, 0.0941, 0.0198, 0.0761, 0.0373, 0.0823, 0.0, 0.0516, 0.0, 0.0371, 0.005, 0.0941]","['Aromatic', 'Polar', 'Proline', 'Polar', 'Hydrophobic', 'Hydrophobic', 'Hydrophobic', 'Aromatic', 'Hydrophobic', 'Charge (+)', 'Glycine', 'Polar']",[],0,"[('2', 3)]",2
592,PNAYKGKLPIGL,-76,-16,4.397840252587216,0.7889343432905714,0.38888888888888884,0.5,0.0,0.0,321064613141,"[0.0198, 0.0036, 0.0373, 0.0516, 0.0371, 0.005, 0.0371, 0.0, 0.0198, 0.0, 0.005, 0.0]","['Proline', 'Polar', 'Hydrophobic', 'Aromatic', 'Charge (+)', 'Glycine', 'Charge (+)', 'Hydrophobic', 'Proline', 'Hydrophobic', 'Glycine', 'Hydrophobic']",[],0,"[('1', 2)]",2
116,PLRGFEGETGHP,-66,-13,4.392739602762789,0.8444096272684223,0.2777777777777777,0.5,0.0,0.0,316405452463,"[0.0198, 0.0, 0.0959, 0.005, 0.0946, 0.0058, 0.005, 0.0058, 0.0941, 0.005, 0.0242, 0.0198]","['Proline', 'Hydrophobic', 'Charge (+)', 'Glycine', 'Aromatic', 'Charge (-)', 'Glycine', 'Charge (-)', 'Polar', 'Glycine', 'Charge (+)', 'Proline']",[],0,"[('1', 1), ('5', 7)]",4
1039,DPSVPLRPEEDE,-72,-16,4.389952568339057,0.7216075621355368,0.4722222222222221,0.5,0.0,0.0,532131635555,"[0.1263, 0.0198, 0.0829, 0.0057, 0.0198, 0.0, 0.0959, 0.0198, 0.0058, 0.0058, 0.1263, 0.0058]","['Charge (-)', 'Proline', 'Polar', 'Hydrophobic', 'Proline', 'Hydrophobic', 'Charge (+)', 'Proline', 'Charge (-)', 'Charge (-)', 'Charge (-)', 'Charge (-)']",[],0,[],0
606,ADQDLSPSISIV,-51,-7,4.374294533387455,0.6945144989903862,0.4722222222222221,0.5833333333333334,0.16666666666666663,0.16666666666666663,152512321211,"[0.0373, 0.1263, 0.0761, 0.1263, 0.0, 0.0829, 0.0198, 0.0829, 0.0, 0.0829, 0.0, 0.0057]","['Hydrophobic', 'Charge (-)', 'Polar', 'Charge (-)', 'Hydrophobic', 'Polar', 'Proline', 'Polar', 'Hydrophobic', 'Polar', 'Hydrophobic', 'Hydrophobic']","[('S', 5), ('S', 9)]",4,"[('1', 0), ('2', 5), ('2', 9)]",6
1456,ASGSGESSGMWF,-43,-6,4.371141644885615,0.8073892214075234,0.5444444444444444,0.5416666666666666,0.16666666666666663,0.16666666666666663,124245224100,"[0.0373, 0.0829, 0.005, 0.0829, 0.005, 0.0058, 0.0829, 0.0829, 0.005, 0.0823, 0.0548, 0.0946]","['Hydrophobic', 'Polar', 'Glycine', 'Polar', 'Glycine', 'Charge (-)', 'Polar', 'Polar', 'Glycine', 'Hydrophobic', 'Aromatic', 'Aromatic']","[('S', 6)]",2,"[('1', 0), ('2', 3), ('2', 6), ('0', 11)]",8
1165,DGVLNLYPFPRV,-50,-8,4.365963705992959,0.6135663121475521,0.4444444444444444,0.5416666666666666,0.08333333333333337,0.08333333333333337,541121030361,"[0.1263, 0.005, 0.0057, 0.0, 0.0036, 0.0, 0.0516, 0.0198, 0.0946, 0.0198, 0.0959, 0.0057]","['Charge (-)', 'Glycine', 'Hydrophobic', 'Hydrophobic', 'Polar', 'Hydrophobic', 'Aromatic', 'Proline', 'Aromatic', 'Proline', 'Charge (+)', 'Hydrophobic']","[('V', 2)]",2,"[('1', 2), ('0', 8)]",4
245,ISLMKRPPGFSP,-47,-3,4.35062398987517,0.7667381682403522,0.4722222222222221,0.5833333333333334,0.16666666666666663,0.16666666666666663,121166334023,"[0.0, 0.0829, 0.0, 0.0823, 0.0371, 0.0959, 0.0198, 0.0198, 0.005, 0.0946, 0.0829, 0.0198]","['Hydrophobic', 'Polar', 'Hydrophobic', 'Hydrophobic', 'Charge (+)', 'Charge (+)', 'Proline', 'Proline', 'Glycine', 'Aromatic', 'Polar', 'Proline']","[('I', 0), ('S', 10)]",4,"[('1', 0), ('1', 2), ('2', 10)]",6
1256,GTGANSAMWFGP,-54,-9,4.337872156146286,0.9454885727530511,0.4444444444444444,0.5416666666666666,0.08333333333333337,0.08333333333333337,424122110043,"[0.005, 0.0941, 0.005, 0.0373, 0.0036, 0.0829, 0.0373, 0.0823, 0.0548, 0.0946, 0.005, 0.0198]","['Glycine', 'Polar', 'Glycine', 'Hydrophobic', 'Polar', 'Polar', 'Hydrophobic', 'Hydrophobic', 'Aromatic', 'Aromatic', 'Glycine', 'Proline']","[('S', 5)]",2,"[('2', 5), ('0', 8)]",4
272,KDQLSEDASKVI,-69,-16,4.335741988648116,0.5205246110408414,0.38888888888888884,0.5416666666666666,0.16666666666666663,0.16666666666666663,652125512611,"[0.0371, 0.1263, 0.0761, 0.0, 0.0829, 0.0058, 0.1263, 0.0373, 0.0829, 0.0371, 0.0057, 0.0]","['Charge (+)', 'Charge (-)', 'Polar', 'Hydrophobic', 'Polar', 'Charge (-)', 'Charge (-)', 'Hydrophobic', 'Polar', 'Charge (+)', 'Hydrophobic', 'Hydrophobic']",[],0,[],0
350,SIKPSAYLPLRF,-66,-12,4.335668513118708,0.7647230075886013,0.4722222222222221,0.5,0.0,0.0,216321013160,"[0.0829, 0.0, 0.0371, 0.0198, 0.0829, 0.0373, 0.0516, 0.0, 0.0198, 0.0, 0.0959, 0.0946]","['Polar', 'Hydrophobic', 'Charge (+)', 'Proline', 'Polar', 'Hydrophobic', 'Aromatic', 'Hydrophobic', 'Proline', 'Hydrophobic', 'Charge (+)', 'Aromatic']",[],0,"[('1', 1), ('0', 11)]",4
1021,SPETLISDLLLR,-49,-3,4.334536127523857,0.4532492613009094,0.5555555555555555,0.625,0.25,0.25,235211251116,"[0.0829, 0.0198, 0.0058, 0.0941, 0.0, 0.0, 0.0829, 0.1263, 0.0, 0.0, 0.0, 0.0959]","['Polar', 'Proline', 'Charge (-)', 'Polar', 'Hydrophobic', 'Hydrophobic', 'Polar', 'Charge (-)', 'Hydrophobic', 'Hydrophobic', 'Hydrophobic', 'Charge (+)']","[('T', 3), ('SD', 6)]",5,"[('2', 3), ('25', 6)]",5
1265,GNSGANSGMWFG,-67,-16,4.331945535616637,0.7728697014264204,0.4444444444444444,0.5416666666666666,0.08333333333333337,0.08333333333333337,422412241004,"[0.005, 0.0036, 0.0829, 0.005, 0.0373, 0.0036, 0.0829, 0.005, 0.0823, 0.0548, 0.0946, 0.005]","['Glycine', 'Polar', 'Polar', 'Glycine', 'Hydrophobic', 'Polar', 'Polar', 'Glycine', 'Hydrophobic', 'Aromatic', 'Aromatic', 'Glycine']","[('S', 6)]",2,"[('22', 5)]",3
412,DIGISEPNFLRF,-30,-3,4.330242060106641,0.7126815256562712,0.38888888888888884,0.5,0.08333333333333337,0.08333333333333337,514125320160,"[0.1263, 0.0, 0.005, 0.0, 0.0829, 0.0058, 0.0198, 0.0036, 0.0946, 0.0, 0.0959, 0.0946]","['Charge (-)', 'Hydrophobic', 'Glycine', 'Hydrophobic', 'Polar', 'Charge (-)', 'Proline', 'Polar', 'Aromatic', 'Hydrophobic', 'Charge (+)', 'Aromatic']",[],0,"[('1', 1), ('0', 8), ('0', 11)]",6
1398,GGGDGSGMWFGP,-66,-15,4.327575853850243,0.7092518380274513,0.2777777777777777,0.5416666666666666,0.08333333333333337,0.08333333333333337,444542410043,"[0.005, 0.005, 0.005, 0.1263, 0.005, 0.0829, 0.005, 0.0823, 0.0548, 0.0946, 0.005, 0.0198]","['Glycine', 'Glycine', 'Glycine', 'Charge (-)', 'Glycine', 'Polar', 'Glycine', 'Hydrophobic', 'Aromatic', 'Aromatic', 'Glycine', 'Proline']","[('S', 5)]",2,"[('2', 5), ('0', 8)]",4
236,MIFGAPMWALGH,-61,-10,4.31914541108157,0.7263950955873241,0.2777777777777777,0.5,0.0,0.0,110413101146,"[0.0823, 0.0, 0.0946, 0.005, 0.0373, 0.0198, 0.0823, 0.0548, 0.0373, 0.0, 0.005, 0.0242]","['Hydrophobic', 'Hydrophobic', 'Aromatic', 'Glycine', 'Hydrophobic', 'Proline', 'Hydrophobic', 'Aromatic', 'Hydrophobic', 'Hydrophobic', 'Glycine', 'Charge (+)']",[],0,"[('11', 0)]",3
274,QLSEDASKVITY,-19,7,4.312190671490123,0.7273413254358921,0.47777777777777786,0.5833333333333334,0.16666666666666663,0.16666666666666663,212551261120,"[0.0761, 0.0, 0.0829, 0.0058, 0.1263, 0.0373, 0.0829, 0.0371, 0.0057, 0.0, 0.0941, 0.0516]","['Polar', 'Hydrophobic', 'Polar', 'Charge (-)', 'Charge (-)', 'Hydrophobic', 'Polar', 'Charge (+)', 'Hydrophobic', 'Hydrophobic', 'Polar', 'Aromatic']","[('S', 6), ('Y', 11)]",4,"[('1', 1), ('5', 4), ('2', 6), ('20', 10)]",9
